Computer Codes,Status
A100,Available
A101,Available
A102,Available
A103,Available
A104,Available
A105,Available
A106,Available
A107,Available
A108,Available
A109,Available
A110,Available
A111,Available
A112,Available
A113,Available
A114,Available
A115,Available
A116,Available
A117,Available
A118,Available
A119,Available
A120,Available
A121,Available
A122,Available
A123,Available
A124,Available
A125,Available
A126,Available
A127,Available
A128,Available
A129,Available
